{"flutter":{"platforms":{"android":{"default":{"projectId":"parking-735fd","appId":"1:906653719936:android:ac8e5523ea184cc3803565","fileOutput":"android/app/google-services.json"}},"dart":{"lib/firebase_options.dart":{"projectId":"parking-735fd","configurations":{"android":"1:906653719936:android:ac8e5523ea184cc3803565","ios":"1:906653719936:ios:5c00a56fb0db67f8803565","macos":"1:906653719936:ios:5c00a56fb0db67f8803565","web":"1:906653719936:web:28379f58f4616e4b803565","windows":"1:906653719936:web:2b7e30d8a67bdc4e803565"}}}}}}