{
  "project_info": {
    "project_number": "906653719936",
    "project_id": "parking-735fd",
    "storage_bucket": "parking-735fd.appspot.com"
  },
  "client": [
    {
      "client_info": {
        "mobilesdk_app_id": "1:906653719936:android:ac8e5523ea184cc3803565",
        "android_client_info": {
          "package_name": "com.app.parkme"
        }
      },
      "oauth_client": [],
      "api_key": [
        {
          "current_key": "AIzaSyCT7tYhHd6pmMaroEdWojfZPZdNyfNgzlo"
        }
      ],
      "services": {
        "appinvite_service": {
          "other_platform_oauth_client": []
        }
      }
    }
  ],
  "configuration_version": "1"
}